Brand,Full Model Name,Part Type,Quality/Tier,Diamond Price
Apple,"AMPLUS Diagnosable Soft OLED Assembly for iPhone 16 Pro Max Screen Replacement (120HZ, Configuration Ready)",Screen,AMPLUS,98.80
Apple,"AMPLUS Diagnosable Soft OLED Assembly for iPhone 17 Pro Max Screen Replacement (120HZ, Compatible for IC chip transfer)",Screen,AMPLUS,111.10
Apple,"ASSEMBLED OLED Screen Replacement for iPhone 16 Pro (120HZ, Compatible for IC chip transfer)",Screen,ASSEMBLED,105.10
Apple,"ASSEMBLED OLED Screen Replacement for iPhone 16 Pro Max (120HZ, Compatible for IC chip transfer)",Screen,ASSEMBLED,186.60
Apple,"ASSEMBLED OLED Screen Replacement for iPhone 17 (120HZ, Compatible for IC chip transfer)",Screen,ASSEMBLED,110.40
Apple,"ASSEMBLED OLED Screen Replacement for iPhone 17 Air (120HZ, Compatible for IC chip transfer)",Screen,ASSEMBLED,202.40
Apple,"ASSEMBLED OLED Screen Replacement for iPhone 17 Pro (120HZ, Compatible for IC chip transfer)",Screen,ASSEMBLED,110.40
Apple,"ASSEMBLED OLED Screen Replacement for iPhone 17 Pro Max (120HZ, Compatible for IC chip transfer)",Screen,ASSEMBLED,215.60
Apple,"BQ7 Diagnosable Hard OLED Assembly for iPhone 14 Pro Max Screen Replacement (120HZ, Compatible for IC chip transfer)",Screen,BQ7,52.20
Apple,"BQ7 Diagnosable Incell LCD Assembly for iPhone 16 Pro Screen Replacement (120HZ,Configuration Ready)",Screen,BQ7,79.30
Apple,"BQ7 Diagnosable Incell LCD Assembly for iPhone 17 Pro Max Screen Replacement (120HZ,Configuration Ready)",Screen,BQ7,86.90
Apple,"BQ7 Diagnosable Incell LCD Assembly for iPhone 17 Pro Screen Replacement (120HZ,Configuration Ready)",Screen,BQ7,89.70
Apple,"BQ7 Diagnosable Soft OLED Assembly for iPhone 13 Screen Replacement (Configuration Ready, Compatible for IC chip transfer)",Screen,BQ7,60.30
Apple,"BQ7 Diagnosable Soft OLED Assembly for iPhone 14 Plus Screen Replacement (Configuration Ready,Compatible for IC chip transfer)",Screen,BQ7,60.30
Apple,"BQ7 Diagnosable Soft OLED Assembly for iPhone 14 Pro Screen Replacement (120HZ, Configuration Ready)",Screen,BQ7,64.40
Apple,"BQ7 Diagnosable Soft OLED Assembly for iPhone 14 Screen Replacement (Configuration Ready,Compatible for IC chip transfer)",Screen,BQ7,60.30
Apple,"BQ7 Diagnosable Soft OLED Assembly for iPhone 15 Pro Max Screen Replacement (120HZ, Configuration Ready)",Screen,BQ7,89.30
Apple,"BQ7 Diagnosable Soft OLED Assembly for iPhone 16 Plus Screen Replacement (Configuration Ready)",Screen,BQ7,96.40
Apple,"BQ7 Diagnosable Soft OLED Assembly for iPhone 16 Pro Max Screen Replacement (120HZ, Configuration Ready)",Screen,BQ7,168.10
Apple,"BQ7 Diagnosable Soft OLED Assembly for iPhone 16 Pro Screen Replacement (120HZ, Configuration Ready)",Screen,BQ7,117.10
Apple,"BQ7 Diagnosable Soft OLED Assembly for iPhone 16 Screen Replacement (Configuration Ready)",Screen,BQ7,82.60
Apple,"BQ7 Diagnosable Soft OLED Assembly for iPhone 16E Screen Replacement (Configuration Ready)",Screen,BQ7,151.00
Apple,"BQ7 Diagnosable Soft OLED Assembly for iPhone 17 Pro Screen Replacement (120HZ, Configuration Ready)",Screen,BQ7,128.10
Apple,"BQ7 Diagnosable Soft OLED Assembly for iPhone 17 Screen Replacement (120HZ, Configuration Ready)",Screen,BQ7,118.50
Apple,"BQ7 Hard OLED Assembly for iPhone 14 Pro Max Screen Replacement (120HZ, Compatible for IC chip transfer)",Screen,BQ7,45.10
Apple,"BQ7 Hard OLED Assembly for iPhone 15 Pro Max Screen Replacement (120HZ, Compatible for IC chip transfer)",Screen,BQ7,44.30
Apple,"BQ7 Hard OLED Assembly for iPhone 16e / 17e Screen Replacement",Screen,BQ7,44.00
Apple,"Battery Adhesive Strips Replacement (Chinese Version) for iPhone 17 Pro (Pack of 10)",Battery,Standard,5.10
Apple,"Battery Adhesive Strips Replacement (Chinese Version) for iPhone 17 Pro Max (Pack of 10)",Battery,Standard,5.10
Apple,"Battery Adhesive Strips Replacement for iPhone 17 (Pack of 10)",Battery,Standard,4.40
Apple,"Battery Adhesive Strips Replacement for iPhone 17 Air (Pack of 10)",Battery,Standard,4.40
Apple,"Battery Tester Cable for iPhone 16 / 16 Plus",Battery,Standard,5.10
Apple,"Battery Tester Cable for iPhone 16 Pro / 16 Pro Max / 17 Pro / 17 Pro Max",Battery,Standard,5.10
Apple,"Crazy Improved Quality-iPhone 16 Plus Replacement Battery with Adhesive Strips 4674mAh (TI CHIP: 27546) (Cheapest Price)",Battery,Standard,15.60
Apple,"Crazy Improved Quality-iPhone 16 Pro Max Replacement Battery with Adhesive Strips 4685mAh (TI CHIP: 27546) (Cheapest Price)",Battery,Standard,18.50
Apple,"Crazy Improved Quality-iPhone 16 Pro Replacement Battery with Adhesive Strips 3582mAh (TI CHIP: 27546) (Cheapest Price)",Battery,Standard,16.20
Apple,"Crazy Improved Quality-iPhone 16 Replacement Battery with Adhesive Strips 3561mAh (TI CHIP: 27546) (Cheapest Price)",Battery,Standard,15.90
Apple,"Crazy Improved Quality-iPhone 16E / 17E Replacement Battery with Adhesive Strips 4005mAh (TI CHIP: 27546) (Cheapest Price)",Battery,Standard,18.40
Apple,"Greencell Diagnosable iPhone 13 Pro Max Replacement Battery with Adhesive Strips 4352mAh (Configuration Ready)",Battery,Greencell,27.50
Apple,"Greencell Diagnosable iPhone 13 Replacement Battery with Adhesive Strips 3227mAh (Configuration Ready)",Battery,Greencell,20.50
Apple,"Greencell Diagnosable iPhone 13 mini Replacement Battery with Adhesive Strips 2406mAh (Configuration Ready)",Battery,Greencell,17.40
Apple,"Greencell Diagnosable iPhone 14 Plus Replacement Battery with Adhesive Strips 4325mAh (Configuration Ready)",Battery,Greencell,25.60
Apple,"Greencell Diagnosable iPhone 14 Pro Max Replacement Battery with Adhesive Strips 4323mAh (Configuration Ready)",Battery,Greencell,27.50
Apple,"Greencell Diagnosable iPhone 14 Pro Replacement Battery with Adhesive Strips 3200mAh (Configuration Ready)",Battery,Greencell,25.80
Apple,"Greencell Diagnosable iPhone 14 Replacement Battery with Adhesive Strips 3279mAh (Configuration Ready)",Battery,Greencell,22.60
Apple,"Greencell Diagnosable iPhone 15 Plus Replacement Battery with Adhesive Strips 4383mAh (Configuration Ready)",Battery,Greencell,25.10
Apple,"Greencell Diagnosable iPhone 15 Pro Max Replacement Battery with Adhesive Strips 4422mAh (Configuration Ready)",Battery,Greencell,27.90
Apple,"Greencell Diagnosable iPhone 15 Pro Replacement Battery with Adhesive Strips 3274mAh (Configuration Ready)",Battery,Greencell,27.90
Apple,"Greencell Diagnosable iPhone 15 Replacement Battery with Adhesive Strips 3349mAh (Configuration Ready)",Battery,Greencell,25.10
Apple,"Greencell Diagnosable iPhone SE3 (2022) Replacement Battery with Adhesive Strips 2018mAh (Configuration Ready)",Battery,Greencell,15.40
Apple,"Greencell PRO series-iPhone 16E / 17E Replacement Battery with Adhesive Strips 4005mAh (TI chip -27546-IC & Pure Cobalt Cell)",Battery,Greencell,26.60
Apple,"HD+ Display Incell LCD Assembly for iPhone 13 Pro Max Screen Replacement (120HZ,Compatible for IC chip transfer)",Screen,SP,21.40
Apple,"HD+ Display Incell LCD Assembly for iPhone 13 Pro Screen Replacement (120HZ,Compatible for IC chip transfer)",Screen,SP,19.80
Apple,"HD+ Display Incell LCD Assembly for iPhone 14 Pro Max Screen Replacement (120HZ,Compatible for IC chip transfer)",Screen,SP,21.40
Apple,"HD+ Display Incell LCD Assembly for iPhone 14 Pro Screen Replacement (120HZ,Compatible for IC chip transfer)",Screen,SP,20.20
Apple,"HD+ Display Incell LCD Assembly for iPhone 15 Plus Screen Replacement (Compatible for IC chip transfer)",Screen,SP,21.00
Apple,"HD+ Display Incell LCD Assembly for iPhone 15 Pro Screen Replacement (120HZ,Compatible for IC chip transfer)",Screen,SP,20.70
Apple,"HD+ Display Incell LCD Assembly for iPhone 15 Screen Replacement (Compatible for IC chip transfer)",Screen,SP,19.80
Apple,"JC Pro1000S LCD Screen Data Read & Write Module for iPhone 12 / 12 mini / 12 Pro / 12 Pro Max / 13 / 13 mini",Screen,Standard,37.70
Apple,"JC V1SE / V1S Pro Battery Repair Board for iPhone 8 to 16E",Battery,Standard,26.20
Apple,"OSS TEAM W209 Pro V11 Battery Fast Charging Activation Board Test Tool for iPhone 6-17 Pro Max",Battery,Standard,23.10
Apple,"RELIFE TB-06 Pro Dual-Channel Fully Automatic Battery Cycle Tester for iPhone 11 to 16 Pro Max",Battery,Standard,61.60
Apple,"SUNSHINE SS-905K V2.0 Battery-free Design Power Boot Control Silicone Line for iPhone 7 to 17 Pro Max",Battery,Standard,13.50
Apple,"Tempered Glass Screen Protector For iPhone All Models-iPhone 6 Plus/6S Plus/7 Plus/8 Plus",Screen,Standard,0.90
Apple,"iPhone 16 Plus Replacement Battery 4674mAh 661-42837 (Service Pack)",Battery,Service Pack,106.20
Apple,"iPhone 16 Pro Max Replacement Battery 4685mAh 661-44954 (Service Pack)",Battery,Service Pack,126.00
Apple,"iPhone 16 Pro Replacement Battery 3582mAh 661-42720 (Service Pack)",Battery,Service Pack,128.00
Apple,"iPhone 16E Replacement Battery 4005mAh 661-49432 (Service Pack)",Battery,Service Pack,106.20
Apple,"iPhone 17 Air Replacement Battery 3149mAh 661-55235 (Service Pack)",Battery,Service Pack,131.20
Apple,"iPhone 17 Pro Max Replacement Battery 5088mAh 661-56056 (Service Pack)",Battery,Service Pack,131.20
Apple,"iPhone 17 Pro Replacement Battery 4252mAh 661-56128 (Service Pack)",Battery,Service Pack,131.20
Apple,"iPhone 17 Replacement Battery 3692mAh 661-56064 (Service Pack)",Battery,Service Pack,106.20
OPPO,"3D Curved UV Tempered Glass Screen Protector For Oppo Find X5",Screen,Standard,1.90
OPPO,"3D Full Coverage Tempered Glass Screen Protector for OPPO A9 (2020)",Screen,Standard,2.70
OPPO,"3D Full Coverage Tempered Glass Screen Protector for Oppo Find X5 Lite",Screen,Standard,2.70
OPPO,"AMPLUS LCD Screen Digitizer Replacement for OPPO A6x 4G / A6x 5G / A6t 4G / A6 5G / A6 4G / Realme C85 5G / Realme C85 4G / Realme 15X 5G / Narzo 90X 5G",Screen,AMPLUS,26.30
OPPO,"AMPLUS Replacement Battery 2290mAh+2350mAh for OPPO Reno9 Pro+",Battery,AMPLUS,17.40
OPPO,"AMPLUS Replacement Battery 3090mAh for OPPO A1 / A83",Battery,AMPLUS,7.20
OPPO,"AMPLUS Replacement Battery 3300mAh for OPPO A3 4G (A40)",Battery,AMPLUS,9.00
OPPO,"AMPLUS Replacement Battery 4390mAh for OPPO Reno9 / Reno9 Pro",Battery,AMPLUS,10.70
OPPO,"AMPLUS Replacement Battery 4500mAh for OPPO K12 / One Plus Nord CE4",Battery,AMPLUS,18.70
OPPO,"AMPLUS Replacement Battery 4700Ah for OPPO Find X6",Battery,AMPLUS,16.60
OPPO,"AMPLUS Replacement Battery 4860mAh for OPPO Find X7 Ultra",Battery,AMPLUS,19.20
OPPO,"AMPLUS Replacement Battery 4860mAh for OPPO Find X7",Battery,AMPLUS,19.80
OPPO,"AMPLUS Replacement Battery 4870mAh for OPPO K11 / One Plus Ace 2 5G / 11 5G / Nord CE 3 / 11R",Battery,AMPLUS,21.10
OPPO,"AMPLUS Replacement Battery 4870mAh for OPPO Reno10 5G / A2 Pro",Battery,AMPLUS,12.70
OPPO,"AMPLUS Replacement Battery 4870mAh for OPPO Reno11",Battery,AMPLUS,13.40
OPPO,"AMPLUS Replacement Battery 4870mAh for OPPO Reno12 F 4G / Reno12 F 5G",Battery,AMPLUS,8.00
OPPO,"AMPLUS Replacement Battery 4880mAh for OPPO A2 5G / A38 / A79 5G / A58 4G",Battery,AMPLUS,11.50
OPPO,"AMPLUS Replacement Battery 4880mAh for OPPO A77 5G / A57 4G / A77 4G / A57s / A78 5G / A58 5G / A77S / OnePlus Nord N20 SE / OnePlus Nord N300",Battery,AMPLUS,11.50
OPPO,"AMPLUS Replacement Battery 4880mAh for OPPO A98 / F23 / K11X / 1+Nord N30 5G / 1+Nord CE 3 Lite 5G",Battery,AMPLUS,13.60
OPPO,"AMPLUS Replacement Battery 4880mAh for OPPO K10 Pro / 1+Ace 2 V 5G / 1+ Nord 3 5G",Battery,AMPLUS,17.40
OPPO,"AMPLUS Replacement Battery 4880mAh for OPPO Reno11 F 5G / F25 Pro 5G",Battery,AMPLUS,14.50
OPPO,"AMPLUS Replacement Battery 4890mAh for OPPO A2m 5G / A2X 5G / A18",Battery,AMPLUS,10.90
OPPO,"AMPLUS Replacement Battery 4890mAh for OPPO A78 4G",Battery,AMPLUS,12.70
OPPO,"AMPLUS Replacement Battery 4970mAh for OPPO A3 5G / A3X 4G / A3X 5G / A60 5G / A80 5G",Battery,AMPLUS,10.90
OPPO,"AMPLUS Replacement Battery 5640mAh for OPPO Reno13 Pro 5G",Battery,AMPLUS,14.70
OPPO,"AMPLUS Replacement Battery 5910mAh for OPPO Find X8 Pro",Battery,AMPLUS,15.70
OPPO,"AMPLUS Replacement Battery mAh for OPPO A1 Pro / Reno8 T 5G",Battery,AMPLUS,10.70
OPPO,"BQ7 LCD Screen Digitizer Replacement for OPPO A15 / A15s / A35 (As the same as service pack, but not from official OPPO)",Screen,BQ7,25.00
OPPO,"BQ7 LCD Screen Digitizer Replacement for OPPO A32 4G / A53 4G / A53s 4G (As the same as service pack, but not from official OPPO)",Screen,BQ7,26.00
OPPO,"BQ7 LCD Screen Digitizer Replacement for OPPO A52 4G / A72 4G / A92 4G (As the same as service pack, but not from official OPPO)",Screen,BQ7,24.10
OPPO,"BQ7 LCD Screen Digitizer Replacement for OPPO A54 5G / A74 5G / A93 5G (As the same as service pack, but not from official OPPO)",Screen,BQ7,25.70
OPPO,"BQ7 OLED Screen Digitizer Replacement for OPPO Find X5 (As the same as service pack, but not from official OPPO)",Screen,BQ7,36.50
OPPO,"BQ7 OLED Screen Digitizer Replacement for OPPO Find X8S (As the same as service pack, but not from official OPPO)",Screen,BQ7,74.30
OPPO,"BQ7 OLED Screen Digitizer Replacement for OPPO Find X8S Plus (As the same as service pack, but not from official OPPO)",Screen,BQ7,65.20
OPPO,"BQ7 OLED Screen Digitizer Replacement for OPPO Find X9 (As the same as service pack, but not from official OPPO)",Screen,BQ7,83.20
OPPO,"BQ7 OLED Screen Digitizer Replacement for OPPO Find X9 Pro (As the same as service pack, but not from official OPPO)",Screen,BQ7,87.70
OPPO,"OLED Screen Digitizer Replacement (BOE) for OPPO K11 / F25 Pro / Reno11F (PULL-A)",Screen,PULL,55.60
OPPO,"OLED Screen Digitizer Replacement for OPPO F31 (PULL-A)",Screen,PULL,83.20
OPPO,"OLED Screen Digitizer Replacement for OPPO Find X7 / One Plus 12R 5G / ACE 3 5G / Realme GT 5 Pro / GT Neo6 SE / GT 6 / GT 6T / GT Neo6 (PULL-A)",Screen,PULL,117.70
OPPO,"OPPO A53 (2015) / A59 Replacement Battery 2980mAh (AMPLUS)",Battery,AMPLUS,6.40
OPPO,"OPPO A57 5G / A17 / A17K / A58X Replacement Battery 4890mAh (AMPLUS)",Battery,AMPLUS,10.60
OPPO,"OPPO A76 Replacement Battery 4880mAh (AMPLUS)",Battery,AMPLUS,11.50
OPPO,"OPPO Reno 10x zoom Replacement Battery 3975mAh (AMPLUS)",Battery,AMPLUS,10.60
OPPO,"OPPO Reno Z Replacement Battery 3950mAh (AMPLUS)",Battery,AMPLUS,10.60
OPPO,"OPPO Reno3 / K7 5G Replacement Battery 3935mAh (AMPLUS)",Battery,AMPLUS,9.50
OPPO,"OPPO Reno4 Z 5G / Reno4 F / Reno4 SE 5G / Reno4 Lite / A92S / F17 ProReplacement Battery 3890mAh (AMPLUS)",Battery,AMPLUS,11.50
OPPO,"OPPO Reno5 K Replacement Battery 2100mAh (AMPLUS)",Battery,AMPLUS,14.90
OPPO,"OPPO Reno5 Lite / F19 Pro / Reno5 F / A94 4G Replacement Battery 4220mAh (AMPLUS)",Battery,AMPLUS,9.20
OPPO,"OPPO Reno6 / K9 Replacement Battery 2100mAh (AMPLUS)",Battery,AMPLUS,13.60
OPPO,"OPPO Reno6 Pro 5G / Reno8 5G / Find X5 Lite Replacement Battery 2200mAh (AMPLUS)",Battery,AMPLUS,15.10
OPPO,"OPPO Reno6 Pro Plus 5G / Find X3 Neo Replacement Battery 2200mAh (AMPLUS)",Battery,AMPLUS,15.70
OPPO,"Oppo Reno4 Pro 5G Replacement Battery 1955mAh (AMPLUS)",Battery,AMPLUS,18.40
OPPO,"REFURB OLED Screen Digitizer Replacement for OPPO A6 Max / A6 GT",Screen,REFURB,111.50
OPPO,"REFURB OLED Screen Digitizer Replacement for OPPO F29 Pro",Screen,REFURB,68.30
OPPO,"REFURB OLED Screen Digitizer Replacement for OPPO F29",Screen,REFURB,60.40
OPPO,"REFURB OLED Screen Digitizer Replacement for OPPO F31 Pro",Screen,REFURB,66.80
OPPO,"REFURB OLED Screen Digitizer Replacement for OPPO Find X8 Ultra",Screen,REFURB,148.70
OPPO,"REFURB OLED Screen Digitizer Replacement for OPPO K13 Turbo / K13 Turbo Pro",Screen,REFURB,107.00
OPPO,"REFURB OLED Screen Digitizer Replacement for OPPO Reno15",Screen,REFURB,104.00
OPPO,"Tempered Glass Screen Protector For OPPO A57 (2022)",Screen,Standard,0.90
OPPO,"Tempered Glass Screen Protector For OPPO A77 (2017)",Screen,Standard,0.90
OPPO,"Tempered Glass Screen Protector For OPPO R11",Screen,Standard,0.90
OPPO,"Tempered Glass Screen Protector For OPPO R11s",Screen,Standard,0.90
OPPO,"Tempered Glass Screen Protector For OPPO R15 / R15 Pro",Screen,Standard,0.90
OPPO,"Tempered Glass Screen Protector For OPPO R17 / R17 Pro / F9",Screen,Standard,0.90
OPPO,"Tempered Glass Screen Protector for OPPO A54 5G",Screen,Standard,0.90
OPPO,"Tempered Glass Screen Protector for OPPO A7 (AX7)",Screen,Standard,0.90
OPPO,"Tempered Glass Screen Protector for OPPO A73 4G",Screen,Standard,0.90
OPPO,"Tempered Glass Screen Protector for OPPO A74 5G",Screen,Standard,0.90
OPPO,"Tempered Glass Screen Protector for OPPO F1s",Screen,Standard,0.90
OPPO,"Tempered Glass Screen Protector for OPPO R7",Screen,Standard,0.90
OPPO,"Tempered Glass Screen Protector for OPPO R9",Screen,Standard,0.90
Samsung,"AMPLUS Samsung Galaxy A16 4G A165F / A16 5G A166P A166B / A26 5G A266B / A17 5G A176B / A17 4G A175F EB-BA166ABY Battery 4860mAh",Battery,AMPLUS,10.60
Samsung,"AMPLUS Samsung Galaxy A71 5G A716U / A716B / S10 Lite G770 Battery 4500mAh",Battery,AMPLUS,10.60
Samsung,"AS NEW-Samsung Galaxy A30 A305F OLED Screen Replacement with Frame -Black (SERVICE PACK SCREEN AND SERVICE PACK FRAME ASSEMBLED)",Screen,AS NEW,84.90
Samsung,"AS NEW-Samsung Galaxy A34 5G A346B OLED Screen Replacement with Frame -Lime (SERVICE PACK SCREEN AND SERVICE PACK FRAME ASSEMBLED)",Screen,AS NEW,97.20
Samsung,"AS NEW-Samsung Galaxy A35 5G A356B OLED Screen Replacement with Frame -Navy (SERVICE PACK SCREEN AND SERVICE PACK FRAME ASSEMBLED)",Screen,AS NEW,96.30
Samsung,"AS NEW-Samsung Galaxy A35 5G A356B OLED Screen Replacement with Frame GH82-34221C -Lilac (SERVICE PACK SCREEN AND SERVICE PACK FRAME ASSEMBLED)",Screen,AS NEW,96.30
Samsung,"AS NEW-Samsung Galaxy A35 5G A356B OLED Screen Replacement with Frame Iceblue (SERVICE PACK SCREEN AND SERVICE PACK FRAME ASSEMBLED)",Screen,AS NEW,96.30
Samsung,"AS NEW-Samsung Galaxy A36 5G A366B OLED Screen Replacement with Frame -Black (SERVICE PACK SCREEN AND SERVICE PACK FRAME ASSEMBLED)",Screen,AS NEW,98.60
Samsung,"AS NEW-Samsung Galaxy A55 5G A556B OLED Screen Replacement Digitizer with Frame GH82-34305A -Navy (SERVICE PACK SCREEN AND SERVICE PACK FRAME ASSEMBLED)",Screen,AS NEW,104.90
Samsung,"AS NEW-Samsung Galaxy A56 5G A566B OLED Screen Replacement with Frame -Lightgray (SERVICE PACK SCREEN AND SERVICE PACK FRAME ASSEMBLED)",Screen,AS NEW,117.70
Samsung,"AS NEW-Samsung Galaxy A56 5G A566B OLED Screen Replacement with Frame GH82-36829A -Graphite (SERVICE PACK SCREEN AND SERVICE PACK FRAME ASSEMBLED)",Screen,AS NEW,117.70
Samsung,"AS NEW-Samsung Galaxy A57 5G A576B OLED Screen Replacement with Frame GH82-39283B -Gray (SERVICE PACK SCREEN AND SERVICE PACK FRAME ASSEMBLED)",Screen,AS NEW,122.50
Samsung,"ASSEMBLED OLED Screen Replacement for Samsung Galaxy A35 5G A356B-Navy (SERVICE PACK SCREEN BUT REFURBISH FRAME ASSEMBLED BY CRAZY)",Screen,ASSEMBLED,83.60
Samsung,"ASSEMBLED OLED Screen Replacement for Samsung Galaxy S25 FE S731B-Jetblack (SERVICE PACK SCREEN BUT REFURBISH FRAME ASSEMBLED BY CRAZY)",Screen,ASSEMBLED,153.80
Samsung,"ASSEMBLED OLED Screen Replacement for Samsung Galaxy S25 FE S731B-White (SERVICE PACK SCREEN BUT REFURBISH FRAME ASSEMBLED BY CRAZY)",Screen,ASSEMBLED,153.80
Samsung,"ASSEMBLED OLED Screen Replacement for Samsung Galaxy S25 S931B-Icy Blue (SERVICE PACK SCREEN BUT REFURBISH FRAME ASSEMBLED BY CRAZY)",Screen,ASSEMBLED,167.10
Samsung,"ASSEMBLED OLED Screen Replacement for Samsung Galaxy S25 Ultra S938B-Titanium Pink Gold (SERVICE PACK SCREEN BUT REFURBISH FRAME ASSEMBLED BY CRAZY)",Screen,ASSEMBLED,253.50
Samsung,"ASSEMBLED OLED Screen Replacement with Frame for Samsung Galaxy S22 Ultra 5G S908B -Graphite (SERVICE PACK SCREEN BUT REFURBISH FRAME ASSEMBLED BY CRAZY)",Screen,ASSEMBLED,254.50
Samsung,"ASSEMBLED OLED Screen Replacement with Frame for Samsung Galaxy S22 Ultra 5G S908B-Burgundy (SERVICE PACK SCREEN BUT REFURBISH FRAME ASSEMBLED BY CRAZY)",Screen,ASSEMBLED,254.50
Samsung,"ASSEMBLED OLED Screen Replacement with Frame for Samsung Galaxy S22 Ultra 5G S908B-Green (SERVICE PACK SCREEN BUT REFURBISH FRAME ASSEMBLED BY CRAZY)",Screen,ASSEMBLED,254.50
Samsung,"ASSEMBLED OLED Screen Replacement with Frame for Samsung Galaxy S22 Ultra 5G S908B-Phantom Black (SERVICE PACK SCREEN BUT REFURBISH FRAME ASSEMBLED BY CRAZY)",Screen,ASSEMBLED,254.50
Samsung,"ASSEMBLED OLED Screen Replacement with Frame for Samsung Galaxy S22 Ultra 5G S908B-White (SERVICE PACK SCREEN BUT REFURBISH FRAME ASSEMBLED BY CRAZY)",Screen,ASSEMBLED,254.50
Samsung,"ASSEMBLED OLED Screen Replacement with Frame for Samsung Galaxy S23 5G S911B-Lavender (SERVICE PACK SCREEN BUT REFURBISH FRAME ASSEMBLED BY CRAZY)",Screen,ASSEMBLED,175.20
Samsung,"ASSEMBLED OLED Screen Replacement with Frame for Samsung Galaxy S23 Ultra 5G S918B -Cream (SERVICE PACK SCREEN BUT REFURBISH FRAME ASSEMBLED BY CRAZY)",Screen,ASSEMBLED,264.60
Samsung,"ASSEMBLED OLED Screen Replacement with Frame for Samsung Galaxy S23 Ultra 5G S918B -Graphite (SERVICE PACK SCREEN BUT REFURBISH FRAME ASSEMBLED BY CRAZY)",Screen,ASSEMBLED,264.60
Samsung,"ASSEMBLED OLED Screen Replacement with Frame for Samsung Galaxy S23 Ultra 5G S918B -Green (SERVICE PACK SCREEN BUT REFURBISH FRAME ASSEMBLED BY CRAZY)",Screen,ASSEMBLED,264.60
Samsung,"ASSEMBLED OLED Screen Replacement with Frame for Samsung Galaxy S23 Ultra 5G S918B -Lavender (SERVICE PACK SCREEN BUT REFURBISH FRAME ASSEMBLED BY CRAZY)",Screen,ASSEMBLED,264.60
Samsung,"ASSEMBLED OLED Screen Replacement with Frame for Samsung Galaxy S23 Ultra 5G S918B -Phantom Black (SERVICE PACK SCREEN BUT REFURBISH FRAME ASSEMBLED BY CRAZY)",Screen,ASSEMBLED,264.60
Samsung,"ASSEMBLED OLED Screen Replacement with Frame for Samsung Galaxy S24 Plus S926B -Amber Yellow (SERVICE PACK SCREEN BUT REFURBISH FRAME ASSEMBLED BY CRAZY)",Screen,ASSEMBLED,204.80
Samsung,"ASSEMBLED OLED Screen Replacement with Frame for Samsung Galaxy S24 Plus S926B -Jade Green (SERVICE PACK SCREEN BUT REFURBISH FRAME ASSEMBLED BY CRAZY)",Screen,ASSEMBLED,184.40
Samsung,"ASSEMBLED OLED Screen Replacement with Frame for Samsung Galaxy S24 Plus S926B -Marble Grey (SERVICE PACK SCREEN BUT REFURBISH FRAME ASSEMBLED BY CRAZY)",Screen,ASSEMBLED,204.80
Samsung,"ASSEMBLED OLED Screen Replacement with Frame for Samsung Galaxy S24 Plus S926B -Onyx Black (SERVICE PACK SCREEN BUT REFURBISH FRAME ASSEMBLED BY CRAZY)",Screen,ASSEMBLED,204.80
Samsung,"ASSEMBLED OLED Screen Replacement with Frame for Samsung Galaxy S24 Plus S926B-Cobalt Violet (SERVICE PACK SCREEN BUT REFURBISH FRAME ASSEMBLED BY CRAZY)",Screen,ASSEMBLED,204.80
Samsung,"ASSEMBLED OLED Screen Replacement with Frame for Samsung Galaxy S24 S921B -Amber Yellow (SERVICE PACK SCREEN BUT REFURBISH FRAME ASSEMBLED BY CRAZY)",Screen,ASSEMBLED,179.30
Samsung,"ASSEMBLED OLED Screen Replacement with Frame for Samsung Galaxy S24 S921B-Cobalt Violet (SERVICE PACK SCREEN BUT REFURBISH FRAME ASSEMBLED BY CRAZY)",Screen,ASSEMBLED,179.30
Samsung,"ASSEMBLED OLED Screen Replacement with Frame for Samsung Galaxy S24 S921B-Marble Grey (SERVICE PACK SCREEN BUT REFURBISH FRAME ASSEMBLED BY CRAZY)",Screen,ASSEMBLED,179.30
Samsung,"ASSEMBLED OLED Screen Replacement with Frame for Samsung Galaxy S24 Ultra S928B -Titanium Black (SERVICE PACK SCREEN BUT REFURBISH FRAME ASSEMBLED BY CRAZY)",Screen,ASSEMBLED,248.40
Samsung,"ASSEMBLED OLED Screen Replacement with Frame for Samsung Galaxy S24 Ultra S928B -Titanium Yellow (SERVICE PACK SCREEN BUT REFURBISH FRAME ASSEMBLED BY CRAZY)",Screen,ASSEMBLED,248.40
Samsung,"ASSEMBLED OLED Screen Replacement with Frame for Samsung Galaxy S25 Plus S936B-Coral Red (SERVICE PACK SCREEN BUT REFURBISH FRAME ASSEMBLED BY CRAZY)",Screen,ASSEMBLED,172.70
Samsung,"ASSEMBLED OLED Screen Replacement with Frame for Samsung Galaxy S25 Plus S936B-Icy Blue (SERVICE PACK SCREEN BUT REFURBISH FRAME ASSEMBLED BY CRAZY)",Screen,ASSEMBLED,192.90
Samsung,"ASSEMBLED OLED Screen Replacement with Frame for Samsung Galaxy S25 Plus S936B-Mint (SERVICE PACK SCREEN BUT REFURBISH FRAME ASSEMBLED BY CRAZY)",Screen,ASSEMBLED,192.90
Samsung,"ASSEMBLED OLED Screen Replacement with Frame for Samsung Galaxy S25 Plus S936B-Pink Gold (SERVICE PACK SCREEN BUT REFURBISH FRAME ASSEMBLED BY CRAZY)",Screen,ASSEMBLED,182.80
Samsung,"ASSEMBLED OLED Screen Replacement with Frame for Samsung Galaxy S25 Ultra S938B-Titanium Jet Black (SERVICE PACK SCREEN BUT REFURBISH FRAME ASSEMBLED BY CRAZY)",Screen,ASSEMBLED,253.50
Samsung,"ASSEMBLED OLED Screen Replacement with Frame for Samsung Galaxy S25 Ultra S938B-Titanium White Silver (SERVICE PACK SCREEN BUT REFURBISH FRAME ASSEMBLED BY CRAZY)",Screen,ASSEMBLED,253.50
Samsung,"ASSEMBLED OLED Screen Replacement with Frame for Samsung Galaxy S26 Plus S948B-Black (SERVICE PACK SCREEN BUT REFURBISH FRAME ASSEMBLED BY CRAZY)",Screen,ASSEMBLED,244.30
Samsung,"ASSEMBLED OLED Screen Replacement with Frame for Samsung Galaxy S26 S942B-Black (SERVICE PACK SCREEN BUT REFURBISH FRAME ASSEMBLED BY CRAZY)",Screen,ASSEMBLED,199.20
Samsung,"ASSEMBLED OLED Screen Replacement with Frame for Samsung Galaxy S26 S942B-Cobalt Violet (SERVICE PACK SCREEN BUT REFURBISH FRAME ASSEMBLED BY CRAZY)",Screen,ASSEMBLED,199.20
Samsung,"ASSEMBLED OLED Screen Replacement with Frame for Samsung Galaxy S26 S942B-Sky Blue (SERVICE PACK SCREEN BUT REFURBISH FRAME ASSEMBLED BY CRAZY)",Screen,ASSEMBLED,199.20
Samsung,"ASSEMBLED OLED Screen Replacement with Frame for Samsung Galaxy S26 S942B-White (SERVICE PACK SCREEN BUT REFURBISH FRAME ASSEMBLED BY CRAZY)",Screen,ASSEMBLED,199.20
Samsung,"ASSEMBLED OLED Screen Replacement with Frame for Samsung Galaxy S26 Ultra S948B-Black (SERVICE PACK SCREEN BUT REFURBISH FRAME ASSEMBLED BY CRAZY)",Screen,ASSEMBLED,306.90
Samsung,"ASSEMBLED OLED Screen Replacement with Frame for Samsung Galaxy Z Flip5 5G F731B -Cream ( BLACK SCREEN FIX VIDEO: https://www.youtube.com/watch?v=-OiMGUs9N7U )",Screen,ASSEMBLED,315.20
Samsung,"ASSEMBLED OLED Screen Replacement with Frame for Samsung Galaxy Z Flip5 5G F731B-Graphite ( BLACK SCREEN FIX VIDEO: https://www.youtube.com/watch?v=-OiMGUs9N7U )",Screen,ASSEMBLED,315.20
Samsung,"ASSEMBLED OLED Screen Replacement with Frame for Samsung Galaxy Z Flip5 5G F731B-Lavender (BLACK SCREEN FIX VIDEO: https://www.youtube.com/watch?v=-OiMGUs9N7U )",Screen,ASSEMBLED,315.20
Samsung,"ASSEMBLED OLED Screen Replacement with Frame for Samsung Galaxy Z Flip5 5G F731B-Mint ( BLACK SCREEN FIX VIDEO: https://www.youtube.com/watch?v=-OiMGUs9N7U )",Screen,ASSEMBLED,320.30
Samsung,"ASSEMBLED OLED Screen Replacement with Frame for Samsung Galaxy Z Fold6 5G F956B -Black",Screen,ASSEMBLED,683.90
Samsung,"ASSEMBLED OLED Screen Replacement with Frame for Samsung Galaxy Z Fold6 5G F956B -Navy",Screen,ASSEMBLED,683.90
Samsung,"ASSEMBLED OLED Screen Replacement with Frame for Samsung Galaxy Z Fold6 5G F956B -Silver Shadow",Screen,ASSEMBLED,683.90
Samsung,"ASSEMBLED OLED Screen Replacement with Frame for Samsung Galaxy Z Fold6 5G F956B -White",Screen,ASSEMBLED,683.90
Samsung,"Battery Adhesive Strips Replacement for Samsung Galaxy S25 S931B / S25 Plus S936B / S25 Ultra S938B",Battery,Standard,0.90
Samsung,"Full Coverage Soft Film Screen Protector Film (Not Tempered Glass) for Samsung Galaxy Z Fold 5",Screen,Standard,3.70
Samsung,"Full Coverage Soft Film Screen Protector Film (Not Tempered Glass) for Samsung Galaxy Z Fold2",Screen,Standard,3.70
Samsung,"Full Coverage Soft Film Screen Protector Film (Not Tempered Glass) for Samsung Galaxy Z Fold3 5G",Screen,Standard,3.70
Samsung,"Full Coverage Soft Film Screen Protector Film (Not Tempered Glass) for Samsung Galaxy Z Fold4 5G F936B",Screen,Standard,3.70
Samsung,"Full Coverage Soft Film Screen Protector Film (Not Tempered Glass) for Samsung Galaxy Z Fold6",Screen,Standard,3.70
Samsung,"Full Coverage Soft Film Screen Protector Film (Not Tempered Glass)*Samsung Galaxy Z Fold7",Screen,Standard,3.70
Samsung,"Full Coverage Tempered Glass Screen Protector for Samsung Galaxy Z Fold2 5G F926B (Outside Screen Only)",Screen,Standard,3.90
Samsung,"Full Coverage Tempered Glass Screen Protector for Samsung Galaxy Z Fold3 5G F926B (Outside Screen Only)",Screen,Standard,3.90
Samsung,"Full Coverage Tempered Glass Screen Protector for Samsung Galaxy Z Fold4 5G F936B (Outside Screen Only) (All-adhesive film)",Screen,Standard,3.90
Samsung,"Full Coverage Tempered Glass Screen Protector for Samsung Galaxy Z Fold5 (Outside Screen Only)",Screen,Standard,3.90
Samsung,"Greencell Samsung Galaxy S22 Ultra S908B Replacement Battery with Adhesive Strips 4855mAh",Battery,Greencell,17.80
Samsung,"Greencell Samsung Galaxy S25 5G S931B Replacement Battery with Adhesive Strips 3885mAh",Battery,Greencell,18.10
Samsung,"Greencell Samsung Galaxy S25 Plus 5G S936B / S25FE S731 Replacement Battery with Adhesive Strips 4755mAh",Battery,Greencell,21.10
Samsung,"Greencell Samsung Galaxy S25 Ultra 5G S938B Replacement Battery with Adhesive Strips 4855mAh",Battery,Greencell,20.40
Samsung,"Kinglas Privacy Tempered Glass Screen Protector For Samsung Galaxy Z Fold7",Screen,Standard,3.10
Samsung,"Kinglas Tempered Glass Screen Protector For Samsung Galaxy Z Fold7",Screen,Standard,1.30
Samsung,"REFURB OLED Screen Replacement with Frame for Samsung Galaxy Z Fold2 5G F916B-Mystic Bronze",Screen,REFURB,270.00
Samsung,"REFURB OLED Screen Replacement with Frame for Samsung Galaxy Z Fold4 5G F936B -Graygreen",Screen,REFURB,403.50
Samsung,"REFURB OLED Screen Replacement with Frame for Samsung Galaxy Z Fold4 5G F936B -Phantom Black",Screen,REFURB,403.50
Samsung,"REFURB Outer OLED Screen Replacement for Samsung Galaxy Z Fold4 5G F936B",Screen,REFURB,88.70
Samsung,"REFURB Outer OLED Screen Replacement for Samsung Galaxy Z Fold5 5G F946B",Screen,REFURB,108.60
Samsung,"Samsung Galaxy A36 5G A366B / A56 5G A566B / A37 5G A376B / A57 5G A576 Replacement Battery 5000mAh (AMPLUS)",Battery,AMPLUS,10.60
Samsung,"Samsung Galaxy Fold F900F LCD Screen Replacement with Frame Without Battery GH82-20132A (Service Pack)-Silver (Blackout issue fix: https://youtu.be/CEnwc6FKJLk)",Battery,Service Pack,622.00
Samsung,"Samsung Galaxy Fold F900F Screen Digitizer with Frame Without Battery GH82-20132B (Service Pack)-Cosmos Black (Blackout issue fix: https://youtu.be/CEnwc6FKJLk)",Battery,Service Pack,698.50
Samsung,"Samsung Galaxy S22 Ultra 5G G908B BQ7 OLED Screen Replacement Digitizer with Frame-White(1:1 screen size. as the same as original screen)",Screen,BQ7,178.80
Samsung,"Samsung Galaxy S22 Ultra 5G S908B BQ7 OLED Screen Replacement with Frame -Burgundy (1:1 screen size. as the same as original screen)",Screen,BQ7,178.80
Samsung,"Samsung Galaxy S22 Ultra 5G S908B BQ7 OLED Screen Replacement with Frame -Green (1:1 screen size. as the same as original screen)",Screen,BQ7,178.80
Samsung,"Samsung Galaxy S22 Ultra 5G S908B BQ7 OLED Screen Replacement with Frame-Graphite (1:1 screen size. as the same as original screen)",Screen,BQ7,178.80
Samsung,"Samsung Galaxy S22 Ultra S908B / S908E BQ7 OLED Screen Replacement with Frame -Phantom Black (1:1 screen size. as the same as original screen)",Screen,BQ7,178.80
Samsung,"Samsung Galaxy S23 Ultra 5G S918B BQ7 OLED Screen Replacement with Frame -Cream (1:1 screen size. as the same as original screen)",Screen,BQ7,178.80
Samsung,"Samsung Galaxy S23 Ultra 5G S918B BQ7 OLED Screen Replacement with Frame -Graphite (1:1 screen size. as the same as original screen)",Screen,BQ7,178.80
Samsung,"Samsung Galaxy S23 Ultra 5G S918B BQ7 OLED Screen Replacement with Frame -Phantom Black (1:1 screen size. as the same as original screen)",Screen,BQ7,178.80
Samsung,"Samsung Galaxy S23 Ultra 5G S918B BQ7 OLED Screen Replacement with Frame-Green (1:1 screen size. as the same as original screen)",Screen,BQ7,178.80
Samsung,"Samsung Galaxy S23 Ultra 5G S918B BQ7 OLED Screen Replacement with Frame-Lavender (1:1 screen size. as the same as original screen)",Screen,BQ7,178.80
Samsung,"Samsung Galaxy S25 5G S931B Replacement Battery 3885mAh (AMPLUS)",Battery,AMPLUS,10.60
Samsung,"Samsung Galaxy S25 Edge S937B Replacement Battery 3786mAh (AMPLUS)",Battery,AMPLUS,10.60
Samsung,"Samsung Galaxy S25 Plus S936B / S25 FE S731B Replacement Battery 4900mAh GH82-36370A (Service Pack)",Battery,Service Pack,42.50
Samsung,"Samsung Galaxy S25 S931B Replacement Battery 4860mAh GH82-36337A (Service Pack)",Battery,Service Pack,38.30
Samsung,"Samsung Galaxy S25 Ultra S938B Replacement Battery 4855mAh GH82-36389A (Service Pack)",Battery,Service Pack,42.40
Samsung,"Samsung Galaxy S26 Plus S947B Replacement Battery 4900mAh GH82-39124A (Service Pack)",Battery,Service Pack,40.60
Samsung,"Samsung Galaxy S26 S942B Replacement Battery 4300mAh GH82-39193A (Service Pack)",Battery,Service Pack,38.90
Samsung,"Samsung Galaxy S26 Ultra S948B Replacement Battery 5000mAh GH82-38878A (Service Pack)",Battery,Service Pack,48.30
Samsung,"Samsung Galaxy Tab A11 Plus X230 X236 Replacement Battery 7040mAh GH82-38815A (Service Pack)",Battery,Service Pack,38.40
Samsung,"Samsung Galaxy Tab A11 X130 X135 Replacement Battery 5100mAh GH81-28342A (Service Pack)",Battery,Service Pack,47.80
Samsung,"Samsung Galaxy Tab Active 5 X306 X300 Replacement Battery 5050mAh GH43-05200A (Service Pack)",Battery,Service Pack,38.10
Samsung,"Samsung Galaxy Tab S10 Ultra X926 X920 Replacement Battery 11200mAh GH82-35940A (Service Pack)",Battery,Service Pack,54.80
Samsung,"Samsung Galaxy Tab S11 Ultra X930 X936 Replacement Battery 11600mAh GH82-38349A (Service Pack)",Battery,Service Pack,56.60
Samsung,"Samsung Galaxy Tab S11 X730 X736 Replacement Battery 8400mAh GH82-38270A (Service Pack)",Battery,Service Pack,49.40
Samsung,"Samsung Galaxy Z Flip 4G F700 Replacement Main Battery 2300mAh (AMPLUS)",Battery,AMPLUS,7.80
Samsung,"Samsung Galaxy Z Flip 4G F700 Replacement Sub Battery 900mAh (AMPLUS)",Battery,AMPLUS,7.00
Samsung,"Samsung Galaxy Z Flip 5G F707 Replacement Main Battery 2500mAh (AMPLUS)",Battery,AMPLUS,8.00
Samsung,"Samsung Galaxy Z Flip 5G F707 Replacement Sub Battery 704mAh (AMPLUS)",Battery,AMPLUS,7.00
Samsung,"Samsung Galaxy Z Flip3 5G F711B Main Internal Battery EB-BF711ABY GH82-26255A (Samsung SDI) (Service Pack)",Battery,Service Pack,27.40
Samsung,"Samsung Galaxy Z Flip3 5G F711B Sub Internal Battery EB-BF712ABY GH82-26256A/GH82-26271A (Amperex/Samsung SDI) (Service Pack)",Battery,Service Pack,27.30
Samsung,"Samsung Galaxy Z Flip6 5G F741 / Z Flip7 5G F761 Replacement Sub Battery 2870mAh (AMPLUS)",Battery,AMPLUS,9.00
Samsung,"Samsung Galaxy Z Flip6 5G F741B / Z Flip7 5G FE F761B Replacement Main Battery 1130mAh (AMPLUS)",Battery,AMPLUS,9.00
Samsung,"Samsung Galaxy Z Flip6 F741B / Z Flip7 FE F761B Sub Battery GH82-35023A (Service Pack)",Battery,Service Pack,28.00
Samsung,"Samsung Galaxy Z Fold 2 5G F916 Replacement Main Battery 2090mAh (AMPLUS)",Battery,AMPLUS,9.00
Samsung,"Samsung Galaxy Z Fold 2 5G F916 Replacement Sub Battery 2275mAh (AMPLUS)",Battery,AMPLUS,9.00
Samsung,"Samsung Galaxy Z Fold 3 5G F926B OLED Screen Replacement with Frame Without Battery GH82-26283B (Service Pack)-Phantom Green",Battery,Service Pack,547.60
Samsung,"Samsung Galaxy Z Fold 3 5G F926B OLED Screen Replacement with Frame Without Battery GH82-26283C (Service Pack)-Phantom Silver",Battery,Service Pack,649.60
Samsung,"Samsung Galaxy Z Fold 3 5G F926B OLED Screen Replacement with Frame Without Battery GH82-26283D (Service Pack)-Platinum",Battery,Service Pack,547.60
Samsung,"Samsung Galaxy Z Fold 6 5G F956 Replacement Main Battery 1975mAh (AMPLUS)",Battery,AMPLUS,9.10
Samsung,"Samsung Galaxy Z Fold 6 5G F956 Replacement Sub Battery 2425mAh (AMPLUS)",Battery,AMPLUS,11.30
Samsung,"Samsung Galaxy Z Fold2 5G F916B OLED Screen Replacement with Frame Without Battery GH82-24297A (Service Pack)-Mystic Bronze",Battery,Service Pack,290.40
Samsung,"Samsung Galaxy Z Fold4 F936B Screen Digitizer Replacement with Frame GH82-29461C (Service Pack)-Beige",Screen,Service Pack,481.90
Samsung,"Samsung Galaxy Z Fold6 5G F956B OLED Screen Digitizer Replacement with Frame GH82-35042B (Service Pack)-Pink (Blackout issue fix: https://youtu.be/CEnwc6FKJLk)",Screen,Service Pack,613.90
Samsung,"Samsung Galaxy Z Fold6 5G F956B OLED Screen Replacement with Frame GH82-35042A (Service Pack)-Silver Shadow (Blackout issue fix: https://youtu.be/CEnwc6FKJLk)",Screen,Service Pack,613.90
Samsung,"Samsung Galaxy Z Fold6 5G F956B OLED Screen Replacement with Frame GH82-35042C (Service Pack)-Navy (Blackout issue fix: https://youtu.be/CEnwc6FKJLk)",Screen,Service Pack,613.90
Samsung,"Samsung Galaxy Z Fold6 5G F956B OLED Screen Replacement with Frame GH82-35042E (Service Pack)-White (Blackout issue fix: https://youtu.be/CEnwc6FKJLk)",Screen,Service Pack,613.90
Samsung,"Samsung Galaxy Z Fold7 5G F966B OLED Screen Digitizer Replacement with Frame GH82-37548D (Service Pack)-Mint (Blackout issue fix: https://youtu.be/CEnwc6FKJLk)",Screen,Service Pack,722.80
Samsung,"Samsung Galaxy Z Fold7 5G F966B OLED Screen Digitizer Replacement with Frame GH82-37548D (Service Pack)-Silver Shadow (Blackout issue fix: https://youtu.be/CEnwc6FKJLk)",Screen,Service Pack,722.80
Samsung,"Samsung Galaxy Z Fold7 5G F966B Outer OLED Screen Replacement GH82-37544A (Service Pack)",Screen,Service Pack,115.70
Samsung,"Samsung Galaxy Z Fold7 5G F966B Replacement Battery 2190mAh EB-BF966ABE GH82-37550A (Service Pack)",Battery,Service Pack,35.60
Samsung,"Tempered Glass Screen Protector for Samsung Galaxy Z Fold6",Screen,Standard,0.90
